0.0,0.18,0.0678,0.0,0.3148,0.5775,0.6416,0.2692,0.0,0.208,0.2872,1.0,0.0897,0.4222
0.0002,0.0,0.2423,0.0,0.1728,0.548,0.7827,0.349,0.0435,0.105,0.5532,1.0,0.2045,0.3689
0.0002,0.0,0.2423,0.0,0.1728,0.6944,0.5994,0.349,0.0435,0.105,0.5532,0.9897,0.0635,0.66
0.0003,0.0,0.063,0.0,0.1502,0.6586,0.4418,0.4485,0.087,0.0668,0.6489,0.9943,0.0334,0.6311
0.0007,0.0,0.063,0.0,0.1502,0.6871,0.5283,0.4485,0.087,0.0668,0.6489,1.0,0.0993,0.6933
0.0003,0.0,0.063,0.0,0.1502,0.5497,0.5747,0.4485,0.087,0.0668,0.6489,0.993,0.096,0.5267
0.0009,0.125,0.2716,0.0,0.286,0.4696,0.656,0.4029,0.1739,0.2366,0.2766,0.9967,0.2953,0.3978
0.0016,0.125,0.2716,0.0,0.286,0.5003,0.9598,0.4384,0.1739,0.2366,0.2766,1.0,0.4807,0.4911
0.0023,0.125,0.2716,0.0,0.286,0.3966,1.0,0.4504,0.1739,0.2366,0.2766,0.9741,0.7781,0.2556
0.0018,0.125,0.2716,0.0,0.286,0.4681,0.8548,0.4967,0.1739,0.2366,0.2766,0.9743,0.4241,0.3089
0.0025,0.125,0.2716,0.0,0.286,0.5396,0.9413,0.4744,0.1739,0.2366,0.2766,0.989,0.5166,0.2222
0.0012,0.125,0.2716,0.0,0.286,0.4691,0.8239,0.4635,0.1739,0.2366,0.2766,1.0,0.3184,0.3089
0.001,0.125,0.2716,0.0,0.286,0.4461,0.3718,0.393,0.1739,0.2366,0.2766,0.9839,0.3858,0.3711
0.007,0.0,0.2815,0.0,0.3148,0.4576,0.6066,0.3254,0.1304,0.229,0.8936,1.0,0.1802,0.3422
0.0071,0.0,0.2815,0.0,0.3148,0.4857,0.8404,0.303,0.1304,0.229,0.8936,0.9574,0.2354,0.2933
0.007,0.0,0.2815,0.0,0.3148,0.4355,0.552,0.3064,0.1304,0.229,0.8936,0.9968,0.186,0.3311
0.0118,0.0,0.2815,0.0,0.3148,0.4549,0.2719,0.3064,0.1304,0.229,0.8936,0.9747,0.1338,0.4022
0.0087,0.0,0.2815,0.0,0.3148,0.4654,0.8115,0.2845,0.1304,0.229,0.8936,0.9744,0.3571,0.2778
0.009,0.0,0.2815,0.0,0.3148,0.3631,0.3471,0.2425,0.1304,0.229,0.8936,0.7279,0.2748,0.3378
0.0081,0.0,0.2815,0.0,0.3148,0.415,0.6859,0.2425,0.1304,0.229,0.8936,0.985,0.2635,0.2933
0.014,0.0,0.2815,0.0,0.3148,0.3849,0.9804,0.2426,0.1304,0.229,0.8936,0.9487,0.5323,0.1911
0.0095,0.0,0.2815,0.0,0.3148,0.4606,0.8888,0.2621,0.1304,0.229,0.8936,0.989,0.3339,0.3244
0.0138,0.0,0.2815,0.0,0.3148,0.4945,0.9145,0.2589,0.1304,0.229,0.8936,1.0,0.4688,0.2267
0.011,0.0,0.2815,0.0,0.3148,0.4315,1.0,0.2697,0.1304,0.229,0.8936,0.994,0.5008,0.2111
0.0084,0.0,0.2815,0.0,0.3148,0.4528,0.9392,0.2974,0.1304,0.229,0.8936,0.9935,0.402,0.2356
0.0094,0.0,0.2815,0.0,0.3148,0.3905,0.8527,0.3024,0.1304,0.229,0.8936,0.7643,0.4078,0.1978
0.0075,0.0,0.2815,0.0,0.3148,0.4315,0.9001,0.323,0.1304,0.229,0.8936,0.9495,0.3609,0.2578
0.0107,0.0,0.2815,0.0,0.3148,0.4763,0.8847,0.3022,0.1304,0.229,0.8936,0.7717,0.4291,0.2178
0.0086,0.0,0.2815,0.0,0.3148,0.5622,0.9423,0.3024,0.1304,0.229,0.8936,0.9774,0.3055,0.2978
0.0112,0.0,0.2815,0.0,0.3148,0.5965,0.8692,0.2828,0.1304,0.229,0.8936,0.958,0.2828,0.3556
0.0126,0.0,0.2815,0.0,0.3148,0.4123,0.9392,0.2822,0.1304,0.229,0.8936,0.9074,0.5759,0.1711
0.0152,0.0,0.2815,0.0,0.3148,0.4811,1.0,0.2769,0.1304,0.229,0.8936,0.9491,0.3121,0.2111
0.0155,0.0,0.2815,0.0,0.3148,0.4578,0.8146,0.2601,0.1304,0.229,0.8936,0.5857,0.7169,0.1822
0.0129,0.0,0.2815,0.0,0.3148,0.41,0.9485,0.2417,0.1304,0.229,0.8936,0.9039,0.4586,0.18
0.0181,0.0,0.2815,0.0,0.3148,0.4857,0.9681,0.2392,0.1304,0.229,0.8936,0.6253,0.5135,0.1889
0.0007,0.0,0.2016,0.0,0.2346,0.4545,0.6725,0.2028,0.1739,0.1756,0.7021,1.0,0.2194,0.3089
0.001,0.0,0.2016,0.0,0.2346,0.4369,0.6025,0.2044,0.1739,0.1756,0.7021,0.9512,0.2671,0.3333
0.0008,0.0,0.2016,0.0,0.2346,0.4386,0.3975,0.255,0.1739,0.1756,0.7021,1.0,0.1943,0.3556
0.0019,0.0,0.2016,0.0,0.2346,0.4608,0.2812,0.2471,0.1739,0.1756,0.7021,0.9913,0.2318,0.4378
0.0002,0.75,0.0913,0.0,0.0885,0.5813,0.1946,0.3884,0.087,0.124,0.6064,0.9968,0.0715,0.5733
0.0003,0.75,0.0913,0.0,0.0885,0.6635,0.1329,0.3884,0.087,0.124,0.6064,0.9968,0.0069,0.6644
0.0014,0.0,0.2364,0.0,0.1296,0.6149,0.0,0.4175,0.087,0.0878,0.5638,0.971,0.0858,0.48
0.0015,0.0,0.2364,0.0,0.1296,0.4997,0.0381,0.4175,0.087,0.0878,0.5638,0.9659,0.1126,0.4511
0.0017,0.0,0.2364,0.0,0.1296,0.5078,0.0371,0.4175,0.087,0.0878,0.5638,0.9938,0.1576,0.4378
0.0013,0.0,0.2364,0.0,0.1296,0.4806,0.3821,0.4175,0.087,0.0878,0.5638,0.9811,0.2158,0.36
0.0019,0.0,0.2364,0.0,0.1296,0.4064,0.3182,0.3611,0.087,0.0878,0.5638,1.0,0.234,0.3178
0.002,0.0,0.2364,0.0,0.1296,0.4263,0.3131,0.3611,0.087,0.0878,0.5638,1.0,0.3427,0.3333
0.0025,0.0,0.2364,0.0,0.1296,0.4731,0.8507,0.4146,0.087,0.0878,0.5638,0.9895,0.471,0.2578
0.0028,0.0,0.2364,0.0,0.1296,0.3522,0.9516,0.4311,0.087,0.0878,0.5638,1.0,0.8024,0.2089
0.0024,0.0,0.2364,0.0,0.1296,0.3911,0.6087,0.4509,0.087,0.0878,0.5638,1.0,0.3993,0.32
0.0009,0.21,0.1899,0.0,0.1111,0.4602,0.4408,0.517,0.1304,0.1069,0.4468,0.9966,0.3234,0.3267
0.0004,0.21,0.1899,0.0,0.1111,0.4894,0.6189,0.517,0.1304,0.1069,0.4468,0.9926,0.2125,0.3444
0.0005,0.21,0.1899,0.0,0.1111,0.5652,0.1874,0.517,0.1304,0.1069,0.4468,1.0,0.098,0.4444
0.0005,0.21,0.1899,0.0,0.1111,0.4669,0.1905,0.517,0.1304,0.1069,0.4468,1.0,0.1849,0.4089
0.0001,0.75,0.1298,0.0,0.0514,0.4459,0.4604,0.5629,0.087,0.5382,0.9043,1.0,0.3607,0.3089
0.0001,0.9,0.0279,0.0,0.037,0.7066,0.1957,0.6881,0.1739,0.0744,0.5638,0.9976,0.085,0.6756
0.0002,0.85,0.0103,0.0,0.0514,0.5407,0.3378,0.7328,0.0435,0.2405,0.5,1.0,0.1115,0.4378
0.0001,1.0,0.0315,0.0,0.0535,0.6237,0.3872,0.6543,0.1739,0.1317,0.266,0.9899,0.0613,0.5911
0.0017,0.25,0.1712,0.0,0.1399,0.4951,0.2709,0.6079,0.3043,0.1851,0.7553,0.9843,0.1416,0.4067
0.0011,0.25,0.1712,0.0,0.1399,0.4533,0.4562,0.5276,0.3043,0.1851,0.7553,1.0,0.2067,0.3244
0.0016,0.25,0.1712,0.0,0.1399,0.4177,0.6519,0.5543,0.3043,0.1851,0.7553,0.9955,0.3151,0.3044
0.0019,0.25,0.1712,0.0,0.1399,0.4608,0.932,0.5173,0.3043,0.1851,0.7553,0.9525,0.3507,0.2444
0.0012,0.25,0.1712,0.0,0.1399,0.5547,0.6684,0.5543,0.3043,0.1851,0.7553,1.0,0.138,0.3822
0.0014,0.25,0.1712,0.0,0.1399,0.6133,0.4171,0.623,0.3043,0.1851,0.7553,0.9967,0.2144,0.4444
0.0001,0.175,0.0337,0.0,0.064,0.6789,0.5829,0.736,0.087,0.0553,0.6383,0.9908,0.1744,0.6222
0.0003,0.8,0.1067,0.0,0.0267,0.5229,0.1535,0.4985,0.1304,0.2863,0.3723,1.0,0.0811,0.4111
0.0004,0.8,0.1067,0.0,0.0267,0.4265,0.2904,0.4985,0.1304,0.2863,0.3723,1.0,0.2348,0.32
0.0006,0.125,0.2056,0.0,0.0494,0.444,0.1905,0.4882,0.1304,0.3015,0.6702,0.9983,0.1758,0.3778
0.0015,0.125,0.2056,0.0,0.0494,0.3895,0.3491,0.4882,0.1304,0.3015,0.6702,1.0,0.3135,0.2756
0.0014,0.125,0.2056,0.0,0.0494,0.4453,0.31,0.4882,0.1304,0.3015,0.6702,1.0,0.1948,0.3533
0.0009,0.0,0.3794,0.0,0.0576,0.5472,0.0381,0.3781,0.1304,0.2252,0.7021,0.9668,0.1377,0.4267
0.0017,0.0,0.3794,0.0,0.0576,0.4599,0.1504,0.3781,0.1304,0.2252,0.7021,0.9497,0.2249,0.3711
0.001,0.0,0.3794,0.0,0.0576,0.4798,0.0505,0.3781,0.1304,0.2252,0.7021,0.9849,0.1046,0.3956
0.0021,0.0,0.3794,0.0,0.0576,0.5143,0.034,0.3781,0.1304,0.2252,0.7021,0.9502,0.1603,0.4089
0.0008,0.0,0.4534,0.0,0.107,0.5196,0.0319,0.2839,0.1739,0.4027,0.6489,0.995,0.1393,0.4244
0.001,0.0,0.4534,0.0,0.107,0.5221,0.4336,0.3067,0.1739,0.4027,0.6489,0.9655,0.199,0.3644
0.0011,0.0,0.4534,0.0,0.107,0.5208,0.7374,0.2658,0.1739,0.4027,0.6489,0.9414,0.2826,0.3333
0.0009,0.0,0.4534,0.0,0.107,0.4942,0.4418,0.2692,0.1739,0.4027,0.6489,0.9749,0.2357,0.3511
0.0006,0.0,0.4534,0.0,0.107,0.5118,0.5232,0.3532,0.1739,0.4027,0.6489,0.9735,0.2928,0.36
0.0009,0.0,0.4534,0.0,0.107,0.4432,0.3471,0.3067,0.1739,0.4027,0.6489,0.9979,0.2034,0.34
0.0004,0.25,0.1613,0.0,0.0844,0.6066,0.3151,0.3884,0.1304,0.1794,0.6809,1.0,0.0982,0.5111
0.0004,0.25,0.1613,0.0,0.0844,0.5859,0.6952,0.3884,0.1304,0.1794,0.6809,0.9968,0.1515,0.42
0.0003,0.25,0.1613,0.0,0.0844,0.5252,0.3018,0.3884,0.1304,0.1794,0.6809,1.0,0.1377,0.44
0.0003,0.25,0.1613,0.0,0.0844,0.4993,0.4511,0.3884,0.1304,0.1794,0.6809,0.9842,0.1595,0.3978
0.0005,0.0,0.1477,0.0,0.1317,0.5419,0.4645,0.3319,0.087,0.1145,0.6277,1.0,0.2177,0.42
0.0006,0.0,0.1477,0.0,0.1317,0.588,0.5479,0.3008,0.087,0.1145,0.6277,0.9884,0.1325,0.48
0.0005,0.0,0.1477,0.0,0.1317,0.4702,0.4346,0.2999,0.087,0.1145,0.6277,0.9977,0.3071,0.3889
0.0007,0.0,0.1477,0.0,0.1317,0.4905,0.5551,0.2381,0.087,0.1145,0.6277,0.9956,0.1852,0.3822
0.0006,0.0,0.1081,0.0,0.214,0.6603,0.8589,0.2084,0.0435,0.1584,0.5532,1.0,0.104,0.4133
0.0005,0.0,0.1081,0.0,0.214,0.6741,0.62,0.2078,0.0435,0.1584,0.5532,0.9979,0.1095,0.5267
0.0005,0.0,0.1081,0.0,0.214,0.5472,0.6509,0.1785,0.0435,0.1584,0.5532,0.9881,0.1954,0.3911
0.0004,0.0,0.1081,0.0,0.214,0.5449,0.7312,0.1785,0.0435,0.1584,0.5532,0.9916,0.1785,0.3778
0.0004,0.28,0.5345,0.0,0.1626,0.552,0.5221,0.2306,0.1304,0.1584,0.5957,0.9952,0.1774,0.3978
0.0003,0.28,0.5345,0.0,0.1626,0.5078,0.2678,0.2306,0.1304,0.1584,0.5957,0.9986,0.1236,0.4444
0.0004,0.28,0.5345,0.0,0.1626,0.515,0.7662,0.226,0.1304,0.1584,0.5957,1.0,0.2445,0.3467
0.0013,0.0,0.0891,0.0,0.1235,0.5871,0.5654,0.2151,0.0435,0.1698,0.5745,0.9019,0.1358,0.52
0.0012,0.0,0.0891,0.0,0.1235,0.4986,0.6869,0.2151,0.0435,0.1698,0.5745,0.9872,0.2652,0.3644
0.0013,0.0,0.0891,0.0,0.1235,0.8638,0.7528,0.2151,0.0435,0.1698,0.5745,1.0,0.0684,0.7489
0.0008,0.0,0.0891,0.0,0.1235,0.8161,0.3502,0.2151,0.0435,0.1698,0.5745,0.9915,0.0508,0.8622
0.0007,0.0,0.0891,0.0,0.1235,0.7386,0.6138,0.2151,0.0435,0.1698,0.5745,1.0,0.1231,0.6267
0.0016,0.0,0.2969,0.0,0.2778,0.6066,0.793,0.1499,0.1739,0.376,0.883,0.9946,0.2122,0.5
0.0012,0.0,0.2969,0.0,0.2778,0.617,0.7044,0.157,0.1739,0.376,0.883,0.9967,0.1639,0.4778
0.0025,0.0,0.2969,0.0,0.2778,0.5449,0.8496,0.1441,0.1739,0.376,0.883,0.1777,0.2456,0.3022
0.0023,0.0,0.2969,0.0,0.2778,0.4936,0.8702,0.1441,0.1739,0.376,0.883,0.9939,0.3231,0.3178
0.0015,0.0,0.2969,0.0,0.2778,0.4993,0.897,0.1174,0.1739,0.376,0.883,0.9894,0.2925,0.3356
0.0014,0.0,0.2969,0.0,0.2778,0.4388,0.966,0.0889,0.1739,0.376,0.883,0.9928,0.4067,0.3222
0.0019,0.0,0.2969,0.0,0.2778,0.4359,0.9166,0.0983,0.1739,0.376,0.883,0.9969,0.4672,0.3222
0.0014,0.0,0.2969,0.0,0.2778,0.4917,0.8476,0.0903,0.1739,0.376,0.883,0.9768,0.3411,0.3422
0.0014,0.0,0.2969,0.0,0.2778,0.5582,0.9701,0.1185,0.1739,0.376,0.883,0.9958,0.2908,0.3289
0.0029,0.0,0.2969,0.0,0.2778,0.5112,0.9094,0.1287,0.1739,0.376,0.883,0.9857,0.3813,0.32
0.0011,0.0,0.2969,0.0,0.2778,0.5047,0.5304,0.1499,0.1739,0.376,0.883,0.9914,0.311,0.3711
0.0011,0.0,0.3501,0.0,0.3333,0.6043,0.8105,0.1408,0.2174,0.4676,0.5532,0.9967,0.2326,0.3956
0.0013,0.0,0.3501,0.0,0.3333,0.4507,0.9269,0.1113,0.2174,0.4676,0.5532,0.9951,0.3996,0.3067
0.0024,0.0,0.3501,0.0,0.3333,0.485,0.9526,0.129,0.2174,0.4676,0.5532,1.0,0.4238,0.3044
0.0015,0.0,0.3501,0.0,0.3333,0.516,0.8373,0.1025,0.2174,0.4676,0.5532,0.9794,0.2406,0.3
0.0019,0.0,0.3501,0.0,0.3333,0.4535,0.8785,0.1213,0.2174,0.4676,0.5532,0.8689,0.3871,0.2956
0.0014,0.0,0.3501,0.0,0.3333,0.5011,0.7168,0.1455,0.2174,0.4676,0.5532,0.9909,0.2845,0.36
0.0016,0.0,0.3501,0.0,0.3333,0.4714,0.8208,0.1471,0.2174,0.4676,0.5532,0.994,0.2365,0.3156
0.0014,0.0,0.3501,0.0,0.3333,0.4428,0.723,0.1226,0.2174,0.4676,0.5532,0.8531,0.3764,0.3422
0.0016,0.0,0.3501,0.0,0.3333,0.4158,0.6416,0.1482,0.2174,0.4676,0.5532,0.9864,0.3278,0.3178
0.0007,0.0,0.9234,0.0,0.4033,0.4424,0.688,0.1026,0.0435,0.0019,0.6915,0.9805,0.3488,0.3778
0.0007,0.0,0.9234,0.0,0.4033,0.4681,0.8363,0.0971,0.0435,0.0019,0.6915,0.9515,0.346,0.34
0.001,0.0,0.9234,0.0,0.4033,0.4599,0.9269,0.0871,0.0435,0.0019,0.6915,0.9526,0.447,0.3444
0.0016,0.0,0.9234,0.0,0.4033,0.4397,0.9691,0.0741,0.0435,0.0019,0.6915,0.933,0.6534,0.2733
0.001,0.0,0.9234,0.0,0.4033,0.4441,0.9567,0.0797,0.0435,0.0019,0.6915,0.9558,0.4374,0.3067
0.0018,0.0,0.9234,0.0,0.4033,0.4646,0.8805,0.0785,0.0435,0.0019,0.6915,0.97,0.3609,0.3644
0.0043,0.0,0.9234,0.0,0.4033,0.3932,0.9547,0.0571,0.0435,0.0019,0.6915,0.9052,0.7045,0.2378
0.0028,0.0,0.7856,0.0,0.4918,0.4085,0.9588,0.0599,0.1304,0.4771,0.9149,0.9879,0.4266,0.2489
0.0036,0.0,0.7856,0.0,0.4918,0.5499,0.9876,0.0621,0.1304,0.4771,0.9149,1.0,0.3769,0.2889
0.0098,0.0,0.7856,0.0,0.4918,0.3978,0.9454,0.0773,0.1304,0.4771,0.9149,1.0,0.4583,0.2067
0.0038,0.0,0.7856,0.0,0.4918,0.5551,0.9887,0.0899,0.1304,0.4771,0.9149,0.9953,0.2999,0.3156
0.0133,0.0,0.7856,0.0,0.4918,0.5298,0.9763,0.1038,0.1304,0.4771,0.9149,1.0,0.2906,0.3244
0.0066,0.0,0.7856,0.0,0.4918,0.5386,0.9784,0.1089,0.1304,0.4771,0.9149,0.9719,0.2591,0.4
0.0036,0.0,0.7856,0.0,0.4918,0.4332,0.9526,0.1219,0.1304,0.4771,0.9149,0.9793,0.367,0.2978
0.0109,0.0,0.7856,0.0,0.4918,0.4208,0.9835,0.1106,0.1304,0.4771,0.9149,0.6618,0.4299,0.2356
0.0062,0.0,0.7856,0.0,0.4918,0.5315,0.9815,0.0892,0.1304,0.4771,0.9149,0.9944,0.4203,0.2911
0.0036,0.0,0.7856,0.0,0.4918,0.4562,0.9331,0.0761,0.1304,0.4771,0.9149,0.953,0.4186,0.2756
0.0039,0.0,0.7856,0.0,0.4918,0.5543,0.9835,0.0655,0.1304,0.4771,0.9149,0.9929,0.3549,0.2689
0.0027,0.0,0.7856,0.0,0.4918,0.4399,0.9815,0.049,0.1304,0.4771,0.9149,0.9877,0.5406,0.1844
0.006,0.0,0.7856,0.0,0.4918,0.4963,0.9784,0.049,0.1304,0.4771,0.9149,1.0,0.4616,0.2844
0.0032,0.0,0.7856,0.0,0.4918,0.5007,0.9341,0.0439,0.1304,0.4771,0.9149,0.9778,0.6189,0.2
0.0182,0.0,0.7856,0.0,0.4918,0.2794,1.0,0.0282,0.1304,0.4771,0.9149,1.0,0.9018,0.2089
0.0373,0.0,0.7009,1.0,1.0,0.3529,1.0,0.0175,0.1739,0.4122,0.2234,1.0,0.6923,0.1867
0.046,0.0,0.7009,0.0,1.0,0.3654,1.0,0.0257,0.1739,0.4122,0.2234,1.0,0.6813,0.2356
0.0312,0.0,0.7009,0.0,1.0,0.2571,0.9773,0.0197,0.1739,0.4122,0.2234,1.0,0.7605,0.1511
0.0267,0.0,0.7009,0.0,1.0,0.4922,1.0,0.0263,0.1739,0.4122,0.2234,0.4352,0.7194,0.1956
0.0242,0.0,0.7009,0.0,1.0,0.3961,1.0,0.0352,0.1739,0.4122,0.2234,0.426,0.4117,0.2356
0.0266,0.0,0.7009,0.0,1.0,0.2615,0.9557,0.0301,0.1739,0.4122,0.2234,0.9869,0.7671,0.2133
0.0261,0.0,0.7009,0.0,1.0,0.3114,0.9361,0.0364,0.1739,0.4122,0.2234,0.8994,0.7337,0.2844
0.0307,0.0,0.7009,0.0,1.0,0.3901,0.9475,0.036,0.1739,0.4122,0.2234,0.8864,0.5442,0.2311
0.0185,0.0,0.7009,0.0,1.0,0.4907,0.9722,0.0444,0.1739,0.4122,0.2234,0.9392,0.3413,0.3667
0.0167,0.0,0.7009,0.0,1.0,0.3531,1.0,0.042,0.1739,0.4122,0.2234,0.8606,0.3187,0.3244
0.0126,0.0,0.7009,1.0,1.0,0.278,0.8764,0.0437,0.1739,0.4122,0.2234,0.8648,0.2867,0.2289
0.0241,0.0,0.7009,0.0,1.0,0.4116,0.9846,0.0449,0.1739,0.4122,0.2234,0.6597,0.388,0.32
0.0158,0.0,0.7009,1.0,1.0,0.492,0.9588,0.0564,0.1739,0.4122,0.2234,0.8087,0.3695,0.2667
0.0397,0.0,0.7009,1.0,1.0,0.4965,0.8208,0.056,0.1739,0.4122,0.2234,0.2211,0.3667,0.2356
0.0274,0.0,0.7009,0.0,1.0,0.3278,0.9382,0.0552,0.1739,0.4122,0.2234,0.2227,0.3976,0.18
0.0137,0.0,0.7009,0.0,0.4527,0.648,0.9732,0.068,0.1739,0.4122,0.2234,0.9156,0.0789,0.8067
0.015,0.0,0.7009,0.0,0.4527,0.48,1.0,0.0571,0.1739,0.4122,0.2234,0.8915,0.1297,0.4289
0.0159,0.0,0.7009,0.0,1.0,0.5651,1.0,0.0579,0.1739,0.4122,0.2234,0.9178,0.1562,0.4067
0.0142,0.0,0.7009,1.0,0.4527,0.5152,0.9238,0.0608,0.1739,0.4122,0.2234,0.8538,0.104,0.4889
0.0164,0.0,0.7009,0.0,0.4527,0.7526,0.9053,0.0765,0.1739,0.4122,0.2234,0.9433,0.0,1.0
0.0205,0.0,0.7009,1.0,0.4527,0.8126,0.9815,0.0829,0.1739,0.4122,0.2234,0.9816,0.0052,1.0
0.017,0.0,0.7009,1.0,0.4527,0.9224,0.9372,0.0939,0.1739,0.4122,0.2234,0.9787,0.0439,1.0
0.0251,0.0,0.7009,0.0,0.4527,0.4394,0.9156,0.1175,0.1739,0.4122,0.2234,0.9955,0.2735,0.3933
0.0328,0.0,0.7009,0.0,0.4527,0.4867,0.9279,0.1049,0.1739,0.4122,0.2234,0.6048,0.223,0.4444
0.0225,0.0,0.7009,0.0,0.4527,0.8369,0.9609,0.0833,0.1739,0.4122,0.2234,0.9304,0.0544,1.0
0.0202,0.0,0.7009,0.0,0.4527,0.4438,0.7858,0.1179,0.1739,0.4122,0.2234,0.5731,0.2873,0.4178
0.0258,0.0,0.7009,0.0,0.4527,0.5285,0.9598,0.0882,0.1739,0.4122,0.2234,0.7483,0.2586,0.4178
0.0275,0.0,0.7009,0.0,0.4527,0.5444,0.9506,0.103,0.1739,0.4122,0.2234,0.8314,0.2646,0.3844
0.0135,0.0,0.7009,0.0,0.4527,0.4434,0.9444,0.1179,0.1739,0.4122,0.2234,0.7362,0.3504,0.2756
0.0259,0.0,0.7009,0.0,0.4527,0.4443,0.9722,0.1145,0.1739,0.4122,0.2234,0.877,0.2842,0.3133
0.0015,0.0,0.1316,0.0,0.2572,0.3853,0.8816,0.1334,0.1739,0.208,0.4255,1.0,0.3576,0.4022
0.001,0.0,0.1316,0.0,0.2572,0.547,0.8363,0.1379,0.1739,0.208,0.4255,0.9965,0.2017,0.4133
0.0009,0.0,0.1316,0.0,0.2572,0.4403,0.6777,0.143,0.1739,0.208,0.4255,0.9907,0.2183,0.3911
0.0007,0.0,0.1316,0.0,0.2572,0.5719,0.311,0.1821,0.1739,0.208,0.4255,0.985,0.0993,0.5422
0.0007,0.0,0.1316,0.0,0.2572,0.4712,0.4562,0.2205,0.1739,0.208,0.4255,0.9907,0.2312,0.4044
0.0005,0.0,0.1316,0.0,0.2572,0.5277,0.7261,0.199,0.1739,0.208,0.4255,0.9967,0.1258,0.4356
0.0007,0.0,0.1316,0.0,0.2572,0.6321,0.7364,0.1624,0.1739,0.208,0.4255,0.9858,0.1432,0.5533
0.0006,0.0,0.0733,0.0,0.2119,0.6551,0.5716,0.1545,0.087,0.0115,0.5532,1.0,0.0913,0.7156
0.0007,0.0,0.0733,0.0,0.2119,0.8055,0.828,0.1465,0.087,0.0115,0.5532,0.9966,0.1609,0.7733
0.0007,0.0,0.0733,0.0,0.2119,0.4949,0.6107,0.1335,0.087,0.0115,0.5532,1.0,0.213,0.6933
0.001,0.0,0.0733,0.0,0.2119,0.6886,0.9197,0.1429,0.087,0.0115,0.5532,0.993,0.0853,0.7311
0.0011,0.0,0.0733,0.0,0.2119,0.5752,0.9547,0.1562,0.087,0.0115,0.5532,1.0,0.109,0.6111
0.0009,0.0,0.0733,0.0,0.2119,0.3915,0.895,0.169,0.087,0.0115,0.5532,0.9851,0.338,0.4756
0.0006,0.0,0.0733,0.0,0.2119,0.4966,0.6787,0.1955,0.087,0.0115,0.5532,0.9753,0.3151,0.5467
0.0006,0.0,0.0733,0.0,0.2119,0.8182,0.5221,0.1882,0.087,0.0115,0.5532,0.9892,0.0751,1.0
0.0008,0.45,0.1092,0.0,0.107,0.6172,0.3934,0.2418,0.1739,0.4027,0.2766,0.9924,0.1366,0.6
0.0013,0.45,0.1092,0.0,0.107,0.5739,0.2698,0.3126,0.1739,0.4027,0.2766,0.9645,0.0781,0.5511
0.0009,0.45,0.1092,0.0,0.107,0.6944,0.3708,0.3126,0.1739,0.4027,0.2766,1.0,0.101,0.6644
0.0009,0.45,0.1092,0.0,0.107,0.6495,0.1916,0.4865,0.1739,0.4027,0.2766,0.9515,0.093,0.7111
0.0007,0.45,0.1092,0.0,0.107,0.6089,0.2873,0.4865,0.1739,0.4027,0.2766,0.9819,0.0817,0.5667
0.0009,0.45,0.1092,0.0,0.107,0.693,0.241,0.4865,0.1739,0.4027,0.2766,0.9838,0.0315,0.6978
0.0002,0.6,0.0905,0.0,0.0329,0.6206,0.0721,0.4629,0.0,0.1489,0.3191,0.9911,0.0911,0.58
0.0001,0.6,0.0905,0.0,0.0329,0.5831,0.1637,0.4629,0.0,0.1489,0.3191,0.9491,0.0731,0.5356
0.0001,0.8,0.0,0.0,0.0761,0.8266,0.2997,0.4109,0.1304,0.1298,0.1915,0.9933,0.0342,1.0
0.0004,0.8,0.0389,0.0,0.0391,0.7139,0.3213,0.5619,0.0435,0.271,0.0,1.0,0.0648,0.6289
0.0005,0.8,0.0389,0.0,0.0391,0.6794,0.3471,0.5619,0.0435,0.271,0.0,0.8926,0.1898,0.5622
0.0004,0.8,0.0389,0.0,0.0391,0.7114,0.3646,0.5619,0.0435,0.271,0.0,0.9881,0.1349,0.6578
0.0003,0.95,0.037,0.0,0.037,0.6541,0.1277,0.5932,0.087,0.4103,0.4681,1.0,0.0781,0.6644
0.0001,0.95,0.037,0.0,0.037,0.6848,0.1133,0.5932,0.087,0.4103,0.4681,0.9682,0.0751,0.62
0.0003,0.825,0.0576,0.0,0.0617,0.4984,0.3656,0.4674,0.0435,0.3073,0.2234,0.9921,0.1573,0.4244
0.0002,0.825,0.0576,0.0,0.0617,0.7758,0.1318,0.4674,0.0435,0.3073,0.2234,0.9962,0.0381,0.8289
0.0003,0.95,0.0814,0.0,0.064,0.8224,0.312,0.3627,0.1304,0.0706,0.2234,0.9896,0.0574,0.9667
0.0002,0.95,0.0814,0.0,0.064,0.8571,0.2987,0.3627,0.1304,0.0706,0.2234,0.984,0.0317,1.0
0.0015,0.0,0.3713,0.0,0.214,0.4464,0.1998,0.2561,0.1304,0.1718,0.6383,1.0,0.2522,0.3911
0.0025,0.0,0.3713,0.0,0.214,0.5298,0.5108,0.2933,0.1304,0.1718,0.6383,0.9949,0.255,0.4311
0.0028,0.0,0.3713,0.0,0.214,0.4258,0.7188,0.2933,0.1304,0.1718,0.6383,0.9812,0.4506,0.3889
0.0015,0.0,0.3713,1.0,0.214,0.4796,0.5788,0.2828,0.1304,0.1718,0.6383,0.9607,0.3568,0.4311
0.0048,0.0,0.3713,1.0,0.214,0.3416,1.0,0.2497,0.1304,0.1718,0.6383,1.0,0.5894,0.3333
0.0019,0.0,0.3713,1.0,0.214,0.4597,0.9186,0.2498,0.1304,0.1718,0.6383,0.9908,0.4288,0.3711
0.0042,0.0,0.3713,1.0,0.214,0.3531,0.8826,0.2306,0.1304,0.1718,0.6383,0.9958,0.614,0.3178
0.0024,0.0,0.3713,1.0,0.214,0.4304,0.5242,0.2294,0.1304,0.1718,0.6383,0.985,0.3946,0.3867
0.0015,0.0,0.3713,0.0,0.214,0.5392,0.3028,0.2561,0.1304,0.1718,0.6383,0.972,0.2111,0.5133
0.0032,0.0,0.3713,0.0,0.214,0.3547,0.0711,0.2235,0.1304,0.1718,0.6383,0.879,0.7677,0.4156
0.0022,0.0,0.3713,0.0,0.214,0.5022,0.4068,0.2561,0.1304,0.1718,0.6383,0.9918,0.2136,0.4444
0.0004,0.0,0.4923,1.0,0.3395,0.4459,0.5469,0.1803,0.1739,0.1698,0.4043,0.9897,0.3251,0.4067
0.0007,0.0,0.4923,0.0,0.3395,0.5903,0.8465,0.2084,0.1739,0.1698,0.4043,0.9896,0.2196,0.5267
0.0012,0.0,0.4923,1.0,0.3395,0.4579,0.9361,0.16,0.1739,0.1698,0.4043,1.0,0.4467,0.3667
0.0012,0.0,0.4923,1.0,0.3395,0.5388,0.9217,0.2031,0.1739,0.1698,0.4043,0.992,0.242,0.4
0.004,0.0,0.2104,1.0,0.251,0.6495,0.8816,0.1575,0.3043,0.229,0.5106,0.9869,0.2202,0.4822
0.0045,0.0,0.2104,1.0,0.251,0.4988,0.9104,0.1744,0.3043,0.229,0.5106,0.9958,0.5444,0.3711
0.0069,0.0,0.2104,1.0,0.251,0.6358,0.7703,0.1948,0.3043,0.229,0.5106,0.9836,0.2263,0.5
0.0068,0.0,0.2104,0.0,0.251,0.5857,0.8023,0.1948,0.3043,0.229,0.5106,1.0,0.162,0.5578
0.0035,0.0,0.2104,0.0,0.2449,0.9015,0.7765,0.1605,0.3043,0.229,0.5106,0.9701,0.0665,0.8844
0.0059,0.0,0.2104,0.0,0.2449,0.9895,0.8249,0.1605,0.3043,0.229,0.5106,0.9624,0.08,1.0
0.0042,0.0,0.2104,0.0,0.2449,0.8582,0.861,0.1897,0.3043,0.229,0.5106,0.976,0.0386,0.7244
0.0046,0.0,0.2104,0.0,0.2449,0.6902,0.793,0.1897,0.3043,0.229,0.5106,0.9374,0.1278,0.5911
0.0033,0.0,0.2104,0.0,0.2449,0.7904,0.1452,0.2042,0.3043,0.229,0.5106,0.9511,0.0604,0.9267
0.0049,0.0,0.2104,0.0,0.2449,0.5731,0.1905,0.2042,0.3043,0.229,0.5106,0.9582,0.056,0.5889
0.006,0.0,0.2104,0.0,0.2449,0.4637,0.6715,0.2311,0.3043,0.229,0.5106,0.9532,0.2737,0.4289
0.0051,0.0,0.2104,0.0,0.2449,0.7379,0.7621,0.2311,0.3043,0.229,0.5106,0.9477,0.0971,0.5933
0.0064,0.0,0.2104,0.0,0.251,0.9151,0.725,0.2463,0.3043,0.229,0.5106,0.9723,0.0204,0.8156
0.0037,0.0,0.2104,0.0,0.251,0.8979,0.6952,0.2294,0.3043,0.229,0.5106,0.9547,0.0613,0.9622
0.005,0.0,0.2104,1.0,0.251,0.6064,0.655,0.2294,0.3043,0.229,0.5106,0.9075,0.1744,0.5333
0.0036,0.0,0.2104,0.0,0.251,0.4838,0.6035,0.2294,0.3043,0.229,0.5106,0.9492,0.2525,0.4222
0.0058,0.0,0.2104,1.0,0.251,0.5882,0.758,0.2745,0.3043,0.229,0.5106,0.9787,0.2155,0.4467
0.0057,0.0,0.2104,0.0,0.251,0.7275,0.7075,0.2745,0.3043,0.229,0.5106,0.9828,0.0828,0.5889
0.0009,0.3,0.1639,0.0,0.0885,0.5595,0.1607,0.4602,0.2174,0.2156,0.4255,0.9559,0.1278,0.4156
0.001,0.3,0.1639,0.0,0.0885,0.5834,0.4047,0.4602,0.2174,0.2156,0.4255,0.9669,0.1556,0.4067
0.0012,0.3,0.1639,0.0,0.0885,0.6392,0.5294,0.4735,0.2174,0.2156,0.4255,0.9858,0.2663,0.3778
0.0011,0.3,0.1639,0.0,0.0885,0.4855,0.6406,0.4735,0.2174,0.2156,0.4255,0.9943,0.2944,0.3356
0.0011,0.3,0.1639,0.0,0.0885,0.5359,0.5149,0.5371,0.2174,0.2156,0.4255,0.9391,0.2619,0.3822
0.0014,0.3,0.1639,0.0,0.0885,0.5426,0.0505,0.5371,0.2174,0.2156,0.4255,0.944,0.0955,0.4156
0.0022,0.22,0.1979,0.0,0.0947,0.3893,0.758,0.6207,0.2609,0.2729,0.6915,0.9384,0.2972,0.28
0.0021,0.22,0.1979,0.0,0.0947,0.3916,0.6931,0.6207,0.2609,0.2729,0.6915,0.9804,0.4616,0.3
0.0037,0.22,0.1979,0.0,0.0947,0.488,0.3296,0.6298,0.2609,0.2729,0.6915,0.9831,0.205,0.4289
0.0021,0.22,0.1979,0.0,0.0947,0.5106,0.7858,0.6298,0.2609,0.2729,0.6915,0.9477,0.2323,0.3444
0.0018,0.22,0.1979,0.0,0.0947,0.5503,0.4758,0.609,0.2609,0.2729,0.6915,0.944,0.215,0.4333
0.0021,0.22,0.1979,0.0,0.0947,0.6049,0.1504,0.609,0.2609,0.2729,0.6915,0.992,0.1333,0.4711
0.0015,0.22,0.1979,0.0,0.0947,0.5606,0.104,0.5699,0.2609,0.2729,0.6915,0.9984,0.1151,0.4311
0.0023,0.22,0.1979,0.0,0.0947,0.5513,0.0618,0.5699,0.2609,0.2729,0.6915,0.95,0.0513,0.44
0.0009,0.22,0.1979,0.0,0.0947,0.6507,0.0402,0.7072,0.2609,0.2729,0.6915,0.9727,0.0497,0.5467
0.0041,0.22,0.1979,0.0,0.0947,0.9002,0.0566,0.7072,0.2609,0.2729,0.6915,1.0,0.0499,0.84
0.0005,0.8,0.1166,0.0,0.0144,0.488,0.2997,0.7357,0.0,0.2443,0.4043,0.9899,0.1336,0.3756
0.0003,0.8,0.1166,0.0,0.0144,0.4436,0.1668,0.7357,0.0,0.2443,0.4043,0.9957,0.2075,0.3533
0.0001,0.9,0.1206,0.0,0.0185,0.7459,0.3223,0.4735,0.087,0.1088,0.3511,0.9734,0.0381,0.8667
0.0068,0.2,0.1287,0.0,0.5391,0.9854,0.8651,0.0611,0.1739,0.1469,0.0426,0.9818,0.0935,1.0
0.0074,0.2,0.1287,0.0,0.5391,0.7227,1.0,0.0696,0.1739,0.1469,0.0426,0.9657,0.1672,0.6889
0.0073,0.2,0.1287,0.0,0.5391,0.6287,1.0,0.0801,0.1739,0.1469,0.0426,0.9875,0.1427,0.5578
0.006,0.2,0.1287,0.0,0.5391,0.6978,0.8126,0.0893,0.1739,0.1469,0.0426,0.9897,0.2169,0.64
0.0059,0.2,0.1287,0.0,0.5391,0.7586,0.8908,0.0919,0.1739,0.1469,0.0426,0.9785,0.1526,0.8467
0.0058,0.2,0.1287,0.0,0.5391,0.9268,0.9125,0.1054,0.1739,0.1469,0.0426,0.9747,0.1153,0.9733
0.0092,0.2,0.1287,0.0,0.5391,0.7216,0.9434,0.0863,0.1739,0.1469,0.0426,0.9912,0.2627,0.5778
0.0061,0.2,0.1287,0.0,0.5391,0.6984,0.9135,0.0728,0.1739,0.1469,0.0426,0.9773,0.1758,0.7
0.0085,0.2,0.1287,0.0,0.5391,0.383,0.6169,0.0779,0.1739,0.1469,0.0426,0.9887,0.2406,0.3956
0.0088,0.2,0.1287,0.0,0.5391,0.6616,0.8414,0.0912,0.1739,0.1469,0.0426,0.9676,0.3604,0.5711
0.0064,0.2,0.1287,0.0,0.3909,0.9075,0.6601,0.1175,0.1739,0.1469,0.0426,0.9688,0.1576,1.0
0.006,0.2,0.1287,0.0,0.3909,0.749,0.5118,0.1584,0.1739,0.1469,0.0426,0.9834,0.0395,0.8556
0.0009,0.2,0.2383,1.0,0.1626,0.452,0.6035,0.2535,0.087,0.0687,0.6383,0.986,0.3289,0.3489
0.0033,0.2,0.2383,0.0,0.1626,0.4397,0.4037,0.3,0.087,0.0687,0.6383,0.9792,0.311,0.3578
0.0018,0.2,0.2383,0.0,0.1626,0.5133,0.138,0.3,0.087,0.0687,0.6383,1.0,0.1341,0.4489
0.0012,0.2,0.2383,0.0,0.1626,0.5704,0.5747,0.2535,0.087,0.0687,0.6383,0.9951,0.1656,0.4311
0.0024,0.2,0.2383,1.0,0.1626,0.7913,0.5036,0.2943,0.087,0.0687,0.6383,0.9845,0.1338,0.6711
0.0006,0.4,0.2181,1.0,0.1276,0.6126,0.309,0.2681,0.1304,0.1279,0.5319,1.0,0.0497,0.6089
0.001,0.4,0.2181,0.0,0.1276,0.631,0.4109,0.2853,0.1304,0.1279,0.5319,1.0,0.0345,0.6
0.0011,0.4,0.2181,1.0,0.1276,0.7101,0.4748,0.3326,0.1304,0.1279,0.5319,0.9807,0.1192,0.6267
0.0006,0.4,0.2181,1.0,0.1276,0.6256,0.2544,0.3395,0.1304,0.1279,0.5319,0.9913,0.0671,0.6244
0.0008,0.4,0.2181,0.0,0.1276,0.5597,0.3007,0.2738,0.1304,0.1279,0.5319,1.0,0.1507,0.5356
0.0023,0.2,0.1052,0.0,0.1191,0.6229,0.3018,0.2702,0.1739,0.0553,0.2447,1.0,0.0861,0.6689
0.0003,0.2,0.1052,0.0,0.1191,0.8161,0.6344,0.3242,0.1739,0.0553,0.2447,0.9758,0.056,0.8978
0.0003,0.2,0.1052,0.0,0.1191,0.6528,0.3532,0.3742,0.1739,0.0553,0.2447,0.9882,0.0789,0.6756
0.0006,0.2,0.1052,1.0,0.1191,0.7825,0.482,0.3712,0.1739,0.0553,0.2447,0.95,0.0353,0.9111
0.0001,0.9,0.0275,1.0,0.0329,0.8358,0.2255,0.4324,0.0,0.021,0.1064,0.9965,0.0395,1.0
0.0,0.9,0.092,0.0,0.0309,0.6758,0.1843,0.5618,0.0,0.187,0.2872,0.9945,0.1689,0.6044
0.0001,0.55,0.0656,0.0,0.0082,0.5541,0.2987,0.5618,0.0,0.2156,0.2872,0.9945,0.1794,0.3778
0.0001,0.8,0.0477,0.0,0.0,0.5114,0.2945,0.7238,0.0,0.1031,0.5957,0.8606,0.3091,0.3356
0.0004,0.525,0.1782,0.0,0.0412,0.5074,0.2925,0.5627,0.2174,0.2023,0.4255,1.0,0.1493,0.4044
0.0004,0.525,0.1782,0.0,0.0412,0.5277,0.4398,0.5627,0.2174,0.2023,0.4255,1.0,0.162,0.3844
0.0004,0.525,0.1782,0.0,0.0412,0.5756,0.206,0.5627,0.2174,0.2023,0.4255,0.9365,0.2147,0.44
0.0003,0.8,0.1646,0.0,0.0535,0.6323,0.2575,0.3626,0.1304,0.1107,0.7021,1.0,0.0442,0.5222
0.0008,0.8,0.1646,0.0,0.0535,0.6873,0.2554,0.3626,0.1304,0.1107,0.7021,1.0,0.0505,0.7178
0.0003,0.8,0.1646,0.0,0.0535,0.588,0.2111,0.3626,0.1304,0.1107,0.7021,1.0,0.082,0.5089
0.0009,0.0,0.4934,0.0,0.107,0.4917,0.1596,0.3977,0.1304,0.1947,0.3617,1.0,0.189,0.42
0.0009,0.0,0.4934,0.0,0.107,0.4691,0.4058,0.3977,0.1304,0.1947,0.3617,1.0,0.2392,0.3711
0.0014,0.0,0.4934,0.0,0.107,0.5972,0.2904,0.4393,0.1304,0.1947,0.3617,1.0,0.1253,0.5244
0.0005,0.0,0.4934,0.0,0.107,0.5725,0.4954,0.4393,0.1304,0.1947,0.3617,0.9898,0.1562,0.4911
0.0015,0.0,0.4934,0.0,0.107,0.4271,0.5675,0.472,0.1304,0.1947,0.3617,1.0,0.3893,0.34
0.0007,0.7,0.0652,0.0,0.0309,0.5334,0.1771,0.6091,0.1739,0.3263,0.234,0.9277,0.0894,0.3889
0.0006,0.7,0.0652,0.0,0.0309,0.6668,0.0731,0.6091,0.1739,0.3263,0.234,0.9362,0.0831,0.5333
0.0004,0.7,0.0652,0.0,0.0309,0.6342,0.4583,0.6091,0.1739,0.3263,0.234,0.9848,0.1198,0.44
0.0003,0.34,0.2064,0.0,0.0988,0.5804,0.3862,0.3967,0.2609,0.271,0.3723,0.9971,0.2144,0.3778
0.001,0.34,0.2064,0.0,0.0988,0.5622,0.1596,0.3967,0.2609,0.271,0.3723,0.9665,0.1915,0.4756
0.0011,0.34,0.2064,0.0,0.0988,0.6555,0.1524,0.3967,0.2609,0.271,0.3723,0.9837,0.0864,0.6244
0.0005,0.33,0.063,0.0,0.179,0.7042,0.3934,0.263,0.2609,0.0668,0.617,0.9919,0.1435,0.6911
0.0005,0.33,0.063,0.0,0.179,0.5854,0.5685,0.2037,0.2609,0.0668,0.617,0.9911,0.1987,0.52
0.0008,0.33,0.063,0.0,0.179,0.7394,0.7106,0.1791,0.2609,0.0668,0.617,1.0,0.1308,0.6311
0.0005,0.33,0.063,0.0,0.179,0.63,0.6941,0.1867,0.2609,0.0668,0.617,1.0,0.16,0.5156
0.0055,0.0,0.346,0.0,0.3272,0.589,0.8198,0.199,0.1304,0.2233,0.617,1.0,0.0775,0.3956
0.0039,0.0,0.346,0.0,0.3272,0.462,0.76,0.1794,0.1304,0.2233,0.617,0.9983,0.2274,0.34
0.0296,0.0,0.346,0.0,0.3272,0.2705,0.3594,0.1264,0.1304,0.2233,0.617,0.8829,0.301,0.2467
0.0088,0.0,0.346,0.0,0.3272,0.4907,0.5139,0.1374,0.1304,0.2233,0.617,1.0,0.1173,0.38
0.0029,0.0,0.346,0.0,0.3272,0.4717,0.9011,0.155,0.1304,0.2233,0.617,0.9985,0.2757,0.32
0.003,0.0,0.346,0.0,0.3272,0.5183,0.8229,0.194,0.1304,0.2233,0.617,0.9911,0.1703,0.3689
0.0041,0.0,0.346,0.0,0.3272,0.576,0.8692,0.2249,0.1304,0.2233,0.617,0.9969,0.2083,0.4178
0.0028,0.0,0.346,0.0,0.3272,0.4108,0.7703,0.256,0.1304,0.2233,0.617,0.9988,0.2696,0.2489
0.0035,0.0,0.346,0.0,0.3272,0.4509,0.827,0.2609,0.1304,0.2233,0.617,0.9844,0.4581,0.2844
0.0027,0.0,0.346,0.0,0.3272,0.4256,0.7085,0.2639,0.1304,0.2233,0.617,1.0,0.3921,0.3289
0.0044,0.0,0.346,0.0,0.3272,0.5405,0.6622,0.2185,0.1304,0.2233,0.617,0.9957,0.2381,0.4022
0.0053,0.0,0.346,0.0,0.3272,0.489,0.5757,0.2612,0.1304,0.2233,0.617,0.9983,0.3035,0.3556
0.0018,0.0,0.2537,0.0,0.2222,0.549,0.5088,0.3102,0.1739,0.1908,0.7447,1.0,0.1509,0.4178
0.002,0.0,0.2537,0.0,0.2222,0.5394,0.5294,0.3102,0.1739,0.1908,0.7447,1.0,0.1418,0.4022
0.0039,0.0,0.2537,0.0,0.2222,0.4752,0.484,0.3266,0.1739,0.1908,0.7447,1.0,0.1647,0.3422
0.0031,0.0,0.2537,0.0,0.2222,0.4114,0.7353,0.3266,0.1739,0.1908,0.7447,0.9855,0.2762,0.3
0.0038,0.0,0.2537,0.0,0.2222,0.5468,0.3831,0.3266,0.1739,0.1908,0.7447,1.0,0.1211,0.4444
0.0021,0.0,0.2537,0.0,0.2222,0.5499,0.1215,0.3898,0.1739,0.1908,0.7447,0.9919,0.0924,0.4356
0.0033,0.0,0.2537,0.0,0.2222,0.5271,0.2678,0.3898,0.1739,0.1908,0.7447,1.0,0.122,0.4
0.0026,0.0,0.2537,0.0,0.2222,0.4832,0.4202,0.3898,0.1739,0.1908,0.7447,1.0,0.3052,0.3822
0.0007,0.0,0.1019,0.0,0.1543,0.442,0.2358,0.3715,0.1304,0.4637,0.4574,0.9635,0.2274,0.3178
0.0007,0.0,0.1019,0.0,0.1543,0.5311,0.1473,0.3715,0.1304,0.4637,0.4574,0.9453,0.1548,0.3911
0.0004,0.0,0.1019,0.0,0.1543,0.4949,0.3018,0.4314,0.1304,0.4637,0.4574,0.9286,0.2031,0.3289
0.0005,0.35,0.2053,0.0,0.1088,0.411,0.2626,0.5012,0.0,0.2233,0.4574,0.9927,0.2953,0.2689
0.0003,0.35,0.2053,0.0,0.1088,0.4733,0.2101,0.5012,0.0,0.2233,0.4574,0.9126,0.1683,0.32
0.0005,0.0,0.1734,0.0,0.2675,0.5279,0.3625,0.4846,0.1739,0.0706,0.8085,0.9819,0.109,0.3822
0.0003,0.0,0.1734,0.0,0.2675,0.5267,0.3666,0.4846,0.1739,0.0706,0.8085,0.9811,0.1385,0.3489
0.0004,0.0,0.1734,0.0,0.2675,0.4744,0.3254,0.4416,0.1739,0.0706,0.8085,1.0,0.1733,0.3578
0.0003,0.0,0.1734,0.0,0.2675,0.4422,0.447,0.373,0.1739,0.0706,0.8085,1.0,0.2227,0.3222
0.0003,0.0,0.1734,0.0,0.2675,0.4472,0.5839,0.4079,0.1739,0.0706,0.8085,0.9947,0.2437,0.3
0.0003,0.0,0.1734,0.0,0.2675,0.4786,0.3543,0.3349,0.1739,0.0706,0.8085,0.9981,0.1871,0.3467
0.0005,0.0,0.1734,0.0,0.2675,0.4645,0.4377,0.3349,0.1739,0.0706,0.8085,1.0,0.221,0.3111
0.0006,0.0,0.1734,0.0,0.2675,0.4612,0.5726,0.3349,0.1739,0.0706,0.8085,1.0,0.2086,0.3044
0.0001,0.35,0.0389,0.0,0.1173,0.7051,0.4779,0.5373,0.0,0.1851,0.3085,0.9946,0.1038,0.6156
0.0002,0.0,0.0524,0.0,0.2737,0.5708,0.585,0.4672,0.0,0.4485,0.3511,0.9825,0.1909,0.2556
0.0002,0.55,0.1217,0.0,0.2037,0.6007,0.551,0.4185,0.1739,0.3492,0.5319,1.0,0.1504,0.42
0.0003,0.55,0.1217,0.0,0.2037,0.6348,0.2595,0.4852,0.1739,0.3492,0.5319,0.9775,0.0795,0.5822
0.0003,0.0,0.1441,0.0,0.1173,0.47,0.4696,0.626,0.087,0.3149,0.6596,0.9716,0.2428,0.2778
0.0006,0.0,0.1441,0.0,0.1173,0.4478,0.5088,0.626,0.087,0.3149,0.6596,0.9186,0.3019,0.2711
0.0001,0.85,0.1353,0.0,0.0905,0.5662,0.2554,0.6734,0.1304,0.313,0.5638,0.9887,0.1278,0.4022
0.0001,0.8,0.0568,0.0,0.1029,0.589,0.276,0.656,0.1304,0.1775,0.4681,0.985,0.1175,0.4333
0.0003,0.4,0.029,0.0,0.0905,0.6473,0.3254,0.6968,0.0,0.2824,0.7553,0.9822,0.1148,0.48
0.0006,0.4,0.029,0.0,0.0905,0.5612,0.4274,0.6968,0.0,0.2824,0.7553,1.0,0.1173,0.3978
0.0008,0.6,0.0451,0.0,0.0535,0.5783,0.3399,0.8712,0.1304,0.4275,0.6064,0.9341,0.1038,0.4244
0.0007,0.6,0.0451,0.0,0.0535,0.4451,0.1607,0.8712,0.1304,0.4275,0.6064,0.9885,0.1672,0.3022
0.0001,0.9,0.0572,0.0,0.0514,0.6068,0.3419,1.0,0.1739,0.0,0.4681,0.9686,0.0764,0.5578
0.0004,0.8,0.0532,0.0,0.0576,0.4028,0.1957,0.8599,0.1304,0.2805,1.0,0.9644,0.1744,0.2933
0.0011,0.8,0.0532,0.0,0.0576,0.4551,0.171,0.8599,0.1304,0.2805,1.0,0.9474,0.106,0.3467
0.1009,0.0,0.6466,1.0,0.7922,0.508,0.9732,0.0903,1.0,0.9141,0.8085,0.9517,0.4379,0.2844
0.0432,0.0,0.6466,1.0,0.7922,0.543,0.9073,0.1251,1.0,0.9141,0.8085,0.986,0.3184,0.3711
0.0584,0.0,0.6466,1.0,0.7922,0.4917,0.829,0.1449,1.0,0.9141,0.8085,0.9963,0.269,0.3933
0.0478,0.0,0.6466,0.0,0.7922,0.4888,0.8074,0.1254,1.0,0.9141,0.8085,0.9845,0.3019,0.3911
0.051,0.0,0.6466,0.0,0.7922,0.5436,0.8764,0.1263,1.0,0.9141,0.8085,0.9437,0.1672,0.4444
0.0431,0.0,0.6466,0.0,0.7922,0.5154,0.9083,0.106,1.0,0.9141,0.8085,0.8834,0.3438,0.3311
0.0413,0.0,0.6466,0.0,0.7922,0.3451,0.9609,0.0886,1.0,0.9141,0.8085,0.9594,0.2334,0.3511
0.0474,0.0,0.6466,1.0,0.7922,0.4296,0.8867,0.0705,1.0,0.9141,0.8085,0.8894,0.3562,0.2622
0.039,0.0,0.6466,1.0,0.6852,1.0,0.8239,0.0705,1.0,0.9141,0.8085,0.8932,0.0982,0.3756
0.0511,0.0,0.6466,0.0,0.6852,0.0,0.8754,0.044,1.0,0.9141,0.8085,0.8936,0.1487,0.5
0.0415,0.0,0.6466,0.0,0.6852,0.2686,0.9114,0.0566,1.0,0.9141,0.8085,0.7961,0.3386,0.3756
0.1519,0.0,0.6466,0.0,0.5062,0.0579,1.0,0.0346,1.0,0.9141,0.8085,0.3306,0.3201,0.4022
0.055,0.0,0.6466,0.0,0.5062,0.27,1.0,0.0185,1.0,0.9141,0.8085,0.9461,0.0422,1.0
0.0637,0.0,0.6466,1.0,0.5062,0.5982,0.967,0.0207,1.0,0.9141,0.8085,0.9456,0.0552,1.0
0.0734,0.0,0.6466,1.0,0.5062,0.662,0.9743,0.0066,1.0,0.9141,0.8085,0.9878,0.0339,1.0
0.1037,0.0,0.6466,0.0,0.5062,0.5087,1.0,0.0036,1.0,0.9141,0.8085,0.9225,0.2152,1.0
0.0929,0.0,0.6466,1.0,0.5823,0.4434,0.8929,0.0,1.0,0.9141,0.8085,0.8764,0.1973,1.0
0.1248,0.0,0.6466,0.0,0.5823,0.2577,1.0,0.0041,1.0,0.9141,0.8085,1.0,0.9117,0.1956
0.2078,0.0,0.6466,0.0,0.5823,0.1106,1.0,0.0007,1.0,0.9141,0.8085,1.0,1.0,0.1956
0.2203,0.0,0.6466,0.0,0.5885,0.7189,0.9784,0.017,1.0,0.9141,0.8085,1.0,0.3231,0.2222
0.1718,0.0,0.6466,0.0,0.5885,0.5917,0.931,0.0196,1.0,0.9141,0.8085,0.9146,0.5935,0.1978
0.1103,0.0,0.6466,0.0,0.5885,0.6195,0.9876,0.0208,1.0,0.9141,0.8085,1.0,0.5384,0.1844
0.2657,0.0,0.6466,0.0,0.5885,0.5401,0.9609,0.0233,1.0,0.9141,0.8085,1.0,0.606,0.18
0.2007,0.0,0.6466,0.0,0.5885,0.5101,1.0,0.0233,1.0,0.9141,0.8085,0.992,0.5533,0.1156
1.0,0.0,0.6466,0.0,0.5885,0.6528,0.9166,0.0261,1.0,0.9141,0.8085,1.0,0.4272,0.12
0.1784,0.0,0.6466,0.0,0.5885,0.5718,0.9907,0.0354,1.0,0.9141,0.8085,1.0,0.5339,0.1311
0.1032,0.0,0.6466,0.0,0.6481,0.3784,1.0,0.041,1.0,0.9141,0.8085,1.0,0.6035,0.14
0.0898,0.0,0.6466,0.0,0.6481,0.3754,1.0,0.0367,1.0,0.9141,0.8085,1.0,0.63,0.1622
0.2257,0.0,0.6466,0.0,0.6481,0.1546,0.9094,0.0282,1.0,0.9141,0.8085,0.7199,0.7975,0.0844
0.1889,0.0,0.6466,0.0,0.6481,0.3288,0.9804,0.027,1.0,0.9141,0.8085,1.0,0.8024,0.0489
0.2741,0.0,0.6466,0.0,0.6481,0.209,1.0,0.0307,1.0,0.9141,0.8085,1.0,0.7326,0.1222
0.2539,0.0,0.6466,0.0,0.6481,0.2757,0.8919,0.0354,1.0,0.9141,0.8085,1.0,0.835,0.0533
0.161,0.0,0.6466,0.0,0.6481,0.2527,1.0,0.0418,1.0,0.9141,0.8085,0.9395,0.7972,0.1156
0.0916,0.0,0.6466,0.0,0.6481,0.3505,0.9887,0.0544,1.0,0.9141,0.8085,1.0,0.5276,0.1444
0.0782,0.0,0.6466,0.0,0.6481,0.4123,0.9691,0.0725,1.0,0.9141,0.8085,0.9938,0.4244,0.2244
0.0594,0.0,0.6466,0.0,0.6481,0.4771,0.8198,0.0944,1.0,0.9141,0.8085,0.9533,0.4699,0.4044
0.1301,0.0,0.6466,0.0,0.6481,0.2826,0.9691,0.0582,1.0,0.9141,0.8085,1.0,0.6609,0.1044
0.0971,0.0,0.6466,0.0,0.6337,0.5043,0.9238,0.0602,1.0,0.9141,0.8085,1.0,0.3709,0.1956
0.1501,0.0,0.6466,0.0,0.6337,0.4457,0.9454,0.0593,1.0,0.9141,0.8085,1.0,0.4034,0.1711
0.0979,0.0,0.6466,0.0,0.6337,0.5576,0.9876,0.0542,1.0,0.9141,0.8085,0.9876,0.4247,0.18
0.0659,0.0,0.6466,0.0,0.6337,0.5449,0.9588,0.0498,1.0,0.9141,0.8085,1.0,0.4868,0.1667
0.0862,0.0,0.6466,0.0,0.6337,0.4189,0.9887,0.0458,1.0,0.9141,0.8085,0.9904,0.5019,0.0778
0.431,0.0,0.6466,0.0,0.6337,0.3625,1.0,0.0327,1.0,0.9141,0.8085,1.0,0.7964,0.0
0.1114,0.0,0.6466,0.0,0.6337,0.439,0.7714,0.0337,1.0,0.9141,0.8085,0.8519,0.7792,0.0289
0.2814,0.0,0.6466,0.0,0.6337,0.4648,1.0,0.0418,1.0,0.9141,0.8085,1.0,0.6909,0.0133
0.1599,0.0,0.6466,0.0,0.6337,0.5331,1.0,0.0404,1.0,0.9141,0.8085,1.0,0.513,0.0489
0.1078,0.0,0.6466,0.0,0.6337,0.5447,1.0,0.0463,1.0,0.9141,0.8085,0.9476,0.5127,0.1578
0.2787,0.0,0.6466,0.0,0.6337,0.3426,0.9588,0.0521,1.0,0.9141,0.8085,1.0,0.4978,0.0733
0.4667,0.0,0.6466,0.0,0.6337,0.3775,0.8496,0.0434,1.0,0.9141,0.8085,0.8299,0.7078,0.0778
0.7633,0.0,0.6466,0.0,0.6337,0.4066,1.0,0.0269,1.0,0.9141,0.8085,0.9699,0.5864,0.0
0.2328,0.0,0.6466,0.0,0.5638,0.1106,1.0,0.0044,1.0,0.9141,0.8085,0.9327,0.5963,0.1533
0.1343,0.0,0.6466,0.0,0.5638,0.3922,1.0,0.0141,1.0,0.9141,0.8085,0.8366,0.287,0.5089
0.0831,0.0,0.6466,0.0,0.4362,0.3939,0.9784,0.0296,1.0,0.9141,0.8085,0.7926,0.6807,0.2711
0.1622,0.0,0.6466,0.0,0.4362,0.6306,1.0,0.0305,1.0,0.9141,0.8085,0.4515,0.4981,0.5
0.5747,0.0,0.6466,0.0,0.4362,0.4208,1.0,0.0258,1.0,0.9141,0.8085,0.0057,0.2312,0.2222
0.1579,0.0,0.6466,0.0,0.4362,0.5932,1.0,0.0362,1.0,0.9141,0.8085,0.0876,0.5378,0.2711
0.2114,0.0,0.6466,0.0,0.4362,0.2044,1.0,0.0386,1.0,0.9141,0.8085,0.0718,0.9007,0.2867
0.322,0.0,0.6466,0.0,0.4362,0.3054,1.0,0.0418,1.0,0.9141,0.8085,0.5312,0.5063,0.2511
0.5141,0.0,0.6466,0.0,0.6337,0.1836,1.0,0.0481,1.0,0.9141,0.8085,0.2218,0.9727,0.0444
0.2032,0.0,0.6466,0.0,0.6049,0.5505,1.0,0.0641,1.0,0.9141,0.8085,0.0679,0.7539,0.0489
0.1217,0.0,0.6466,0.0,0.6049,0.6172,0.9053,0.0627,1.0,0.9141,0.8085,0.0536,0.6639,0.0556
0.2915,0.0,0.6466,0.0,0.6049,0.334,0.8877,0.0471,1.0,0.9141,0.8085,0.3203,0.6874,0.12
0.8264,0.0,0.6466,0.0,0.6049,0.4591,1.0,0.0612,1.0,0.9141,0.8085,0.0407,0.5212,0.0844
0.1327,0.0,0.6466,0.0,0.6852,0.6252,0.758,0.0604,1.0,0.9141,0.8085,0.1214,0.5797,0.0756
0.1245,0.0,0.6466,0.0,0.6852,0.5461,1.0,0.0663,1.0,0.9141,0.8085,0.8029,0.3667,0.26
0.0789,0.0,0.6466,0.0,0.6852,0.4685,0.9516,0.0677,1.0,0.9141,0.8085,0.806,0.3855,0.2044
0.1353,0.0,0.6466,0.0,0.4712,0.3999,0.8723,0.0747,1.0,0.9141,0.8085,0.7344,0.3413,0.3511
0.0792,0.0,0.6466,0.0,0.4712,0.4871,0.8465,0.0811,1.0,0.9141,0.8085,0.0055,0.5949,0.1867
0.0988,0.0,0.6466,0.0,0.4095,0.384,0.6972,0.0849,1.0,0.9141,0.8085,0.0084,0.4258,0.1489
0.1782,0.0,0.6466,0.0,0.6049,0.4474,0.9526,0.0709,1.0,0.9141,0.8085,0.0186,0.6253,0.0733
0.1376,0.0,0.6466,0.0,0.4095,0.4361,0.585,0.0789,1.0,0.9141,0.8085,0.0613,0.3852,0.1156
0.4232,0.0,0.6466,0.0,0.6049,0.506,0.7806,0.0667,1.0,0.9141,0.8085,0.0466,0.3529,0.1311
0.0827,0.0,0.6466,0.0,0.6049,0.5043,0.7745,0.0733,1.0,0.9141,0.8085,0.2431,0.5461,0.1333
0.1049,0.0,0.6466,0.0,0.6049,0.5401,0.9547,0.0763,1.0,0.9141,0.8085,0.1523,0.6167,0.1
0.0954,0.0,0.6466,0.0,0.4095,0.534,0.8568,0.0839,1.0,0.9141,0.8085,0.2096,0.439,0.2111
0.113,0.0,0.6466,0.0,0.4095,0.6269,0.9413,0.0872,1.0,0.9141,0.8085,0.2043,0.4956,0.2022
0.0724,0.0,0.6466,0.0,0.4095,0.5488,0.7405,0.0974,1.0,0.9141,0.8085,0.2462,0.2842,0.2467
0.0627,0.0,0.6466,0.0,0.6749,0.5509,0.8754,0.1079,1.0,0.9141,0.8085,0.2518,0.3998,0.2067
0.1563,0.0,0.6466,0.0,0.6749,0.5072,0.9485,0.0994,1.0,0.9141,0.8085,0.2529,0.3709,0.1489
0.1254,0.0,0.6466,0.0,0.7305,0.5879,0.9444,0.0905,1.0,0.9141,0.8085,0.2762,0.5944,0.1867
0.162,0.0,0.6466,0.0,0.7305,0.5557,0.931,0.0794,1.0,0.9141,0.8085,0.0685,0.4503,0.1022
0.1705,0.0,0.6466,0.0,0.7305,0.4965,1.0,0.0713,1.0,0.9141,0.8085,0.0227,0.6821,0.0822
0.1537,0.0,0.6466,0.0,0.7305,0.4549,0.8754,0.0628,1.0,0.9141,0.8085,0.1731,0.891,0.0756
0.1055,0.0,0.6466,0.0,0.7305,0.3959,0.9372,0.0625,1.0,0.9141,0.8085,1.0,0.5836,0.1733
0.2478,0.0,0.6466,0.0,0.7305,0.4325,0.9217,0.067,1.0,0.9141,0.8085,0.9863,0.5624,0.1222
0.1092,0.0,0.6466,0.0,0.7305,0.5451,0.9712,0.0851,1.0,0.9141,0.8085,0.9724,0.4909,0.2689
0.0636,0.0,0.6466,0.0,0.7305,0.5093,1.0,0.0796,1.0,0.9141,0.8085,0.9969,0.41,0.2978
0.112,0.0,0.6466,0.0,0.7305,0.5603,1.0,0.0772,1.0,0.9141,0.8085,0.9744,0.4724,0.2311
0.1438,0.0,0.6466,0.0,0.7305,0.4394,0.965,0.0697,1.0,0.9141,0.8085,0.6057,0.6087,0.1289
0.1199,0.0,0.6466,0.0,0.7305,0.5553,0.9464,0.078,1.0,0.9141,0.8085,0.1078,0.614,0.1511
0.0706,0.0,0.6466,0.0,0.7305,0.5327,0.9629,0.0857,1.0,0.9141,0.8085,0.8011,0.4432,0.22
0.1115,0.0,0.6466,0.0,0.7305,0.5154,0.965,0.0972,1.0,0.9141,0.8085,0.9789,0.4059,0.1689
0.1048,0.0,0.6466,0.0,0.6749,0.5028,0.9866,0.1029,1.0,0.9141,0.8085,1.0,0.4525,0.2022
0.0845,0.0,0.6466,0.0,0.6749,0.5472,0.9825,0.096,1.0,0.9141,0.8085,0.7663,0.4851,0.1778
0.0754,0.0,0.6466,0.0,0.6749,0.6108,0.9238,0.1086,1.0,0.9141,0.8085,0.0,0.4335,0.1867
0.0611,0.0,0.6466,0.0,0.6749,0.5928,0.9815,0.1114,1.0,0.9141,0.8085,0.8951,0.4415,0.2267
0.0571,0.0,0.6466,0.0,0.6749,0.5242,0.9156,0.1126,1.0,0.9141,0.8085,0.9702,0.4288,0.2467
0.0926,0.0,0.6466,0.0,0.6749,0.7342,0.9928,0.1203,1.0,0.9141,0.8085,0.947,0.4142,0.2844
0.1069,0.0,0.6466,0.0,0.6749,0.6068,0.9392,0.1243,1.0,0.9141,0.8085,0.016,0.4685,0.22
0.0533,0.0,0.6466,0.0,0.6749,0.5679,0.861,0.1188,1.0,0.9141,0.8085,0.1276,0.4525,0.2022
0.0524,0.0,0.6466,0.0,0.6749,0.4627,0.8754,0.1319,1.0,0.9141,0.8085,0.0256,0.4768,0.1711
0.0921,0.0,0.6466,0.0,0.6749,0.4551,0.7971,0.15,1.0,0.9141,0.8085,0.008,0.4197,0.1889
0.0871,0.0,0.6466,0.0,0.6749,0.525,0.8321,0.1504,1.0,0.9141,0.8085,0.6856,0.4001,0.22
0.0764,0.0,0.6466,0.0,0.6749,0.4829,0.8393,0.1444,1.0,0.9141,0.8085,1.0,0.3579,0.3333
0.054,0.0,0.6466,0.0,0.6749,0.6016,0.897,0.1335,1.0,0.9141,0.8085,0.6428,0.4054,0.2533
0.0414,0.0,0.6466,0.0,0.6749,0.5394,0.8805,0.1307,1.0,0.9141,0.8085,0.9862,0.3565,0.2822
0.0747,0.0,0.6466,0.0,0.6749,0.5281,0.8249,0.1459,1.0,0.9141,0.8085,1.0,0.3383,0.3222
0.0654,0.0,0.6466,0.0,0.6749,0.5656,0.896,0.152,1.0,0.9141,0.8085,0.9922,0.2362,0.3378
0.088,0.0,0.6466,0.0,0.5556,0.5074,0.6437,0.1668,1.0,0.9141,0.8085,1.0,0.3171,0.3644
0.0355,0.0,0.6466,0.0,0.5556,0.4212,0.4665,0.1761,1.0,0.9141,0.8085,0.8424,0.3422,0.3311
0.0424,0.0,0.6466,0.0,0.5556,0.4581,0.8424,0.1584,1.0,0.9141,0.8085,0.0547,0.4255,0.3111
0.0496,0.0,0.6466,0.0,0.4095,0.4679,0.9434,0.1283,1.0,0.9141,0.8085,0.8346,0.5406,0.3133
0.175,0.0,0.6466,0.0,0.4012,0.4532,0.7013,0.1618,1.0,0.9141,0.8085,0.929,0.4525,0.3133
0.1469,0.0,0.6466,0.0,0.4012,0.4123,0.5541,0.1541,1.0,0.9141,0.8085,1.0,0.3595,0.3356
0.0488,0.0,0.6466,0.0,0.4012,0.4993,0.8352,0.1731,1.0,0.9141,0.8085,1.0,0.4018,0.3311
0.0453,0.0,0.6466,0.0,0.3025,0.5112,0.9042,0.1791,1.0,0.9141,0.8085,0.996,0.3074,0.3244
0.04,0.0,0.6466,0.0,0.4012,0.5511,0.7425,0.1607,1.0,0.9141,0.8085,0.9911,0.3485,0.4044
0.0522,0.0,0.6466,0.0,0.4712,0.6551,0.6663,0.1276,1.0,0.9141,0.8085,0.944,0.274,0.5511
0.0905,0.0,0.6466,0.0,0.4095,0.3575,0.9526,0.1182,1.0,0.9141,0.8085,0.8882,0.4528,0.1956
0.0718,0.0,0.6466,0.0,0.4095,0.4984,0.9732,0.0979,1.0,0.9141,0.8085,0.7626,0.6173,0.1844
0.0547,0.0,0.6466,0.0,0.4712,0.5601,0.9341,0.1069,1.0,0.9141,0.8085,0.9983,0.4677,0.26
0.1688,0.0,0.6466,0.0,0.4712,0.334,0.9722,0.0883,1.0,0.9141,0.8085,0.8804,0.6396,0.1556
0.1149,0.0,0.6466,0.0,0.4712,0.5028,0.966,0.0947,1.0,0.9141,0.8085,0.9566,0.4498,0.2133
0.161,0.0,0.6466,0.0,0.4712,0.5112,0.8764,0.0747,1.0,0.9141,0.8085,0.9658,0.314,0.3644
0.0654,0.0,0.6466,0.0,0.3025,0.5137,0.6365,0.2087,1.0,0.9141,0.8085,1.0,0.2486,0.4
0.0641,0.0,0.6466,0.0,0.3025,0.611,0.7415,0.2002,1.0,0.9141,0.8085,0.9903,0.1658,0.4156
0.0643,0.0,0.6466,0.0,0.3025,0.6706,0.7631,0.2074,1.0,0.9141,0.8085,0.9959,0.1457,0.4444
0.0316,0.0,0.6466,0.0,0.3025,0.4217,0.3852,0.27,1.0,0.9141,0.8085,0.99,0.2398,0.3733
0.0267,0.0,0.6466,0.0,0.4074,0.4426,0.4016,0.2359,1.0,0.9141,0.8085,0.934,0.3204,0.3467
0.0412,0.0,0.6466,0.0,0.4074,0.5271,0.5046,0.2603,1.0,0.9141,0.8085,0.9791,0.2442,0.36
0.0639,0.0,0.6466,0.0,0.4074,0.4892,0.792,0.2197,1.0,0.9141,0.8085,0.9894,0.3656,0.3133
0.0543,0.0,0.6466,0.0,0.4074,0.4491,0.518,0.1839,1.0,0.9141,0.8085,0.9781,0.2682,0.3467
0.0016,0.0,1.0,0.0,0.4609,0.3627,0.9248,0.0629,0.1304,1.0,0.7979,0.9954,0.4506,0.2267
0.002,0.0,1.0,0.0,0.4609,0.355,0.9825,0.0569,0.1304,1.0,0.7979,0.8667,0.6137,0.0444
0.0023,0.0,1.0,0.0,0.4609,0.2935,0.9794,0.063,0.1304,1.0,0.7979,0.8021,0.7712,0.0689
0.0011,0.0,1.0,0.0,0.4609,0.4641,0.9876,0.0672,0.1304,1.0,0.7979,0.9829,0.4509,0.1911
0.0012,0.0,1.0,0.0,0.4609,0.4641,0.8301,0.0891,0.1304,1.0,0.7979,1.0,0.3206,0.3356
0.0019,0.0,0.3383,0.0,0.4115,0.4112,0.5263,0.1139,0.2174,0.3893,0.7021,1.0,0.2837,0.3733
0.0031,0.0,0.3383,0.0,0.4115,0.4532,0.4089,0.1139,0.2174,0.3893,0.7021,1.0,0.3273,0.4333
0.0019,0.0,0.3383,0.0,0.4115,0.4041,0.2667,0.1518,0.2174,0.3893,0.7021,0.9909,0.4379,0.4022
0.0032,0.0,0.3383,0.0,0.4115,0.3505,0.7209,0.1518,0.2174,0.3893,0.7021,1.0,0.5356,0.3267
0.0029,0.0,0.3383,0.0,0.4115,0.4279,0.6972,0.1603,0.2174,0.3893,0.7021,1.0,0.3413,0.2956
0.0026,0.0,0.3383,0.0,0.4115,0.471,0.6426,0.1164,0.2174,0.3893,0.7021,1.0,0.3088,0.36
0.0019,0.0,0.3383,0.0,0.4115,0.3847,0.7271,0.1155,0.2174,0.3893,0.7021,0.9972,0.3689,0.2778
0.0025,0.0,0.3383,0.0,0.4115,0.4725,0.7909,0.1245,0.2174,0.3893,0.7021,1.0,0.3477,0.2622
0.0006,0.0,0.4205,0.0,0.3868,0.581,0.6818,0.1227,0.0,0.1641,0.8936,0.9876,0.2191,0.3867
0.0004,0.0,0.4205,0.0,0.3868,0.4903,0.76,0.1053,0.0,0.1641,0.8936,1.0,0.2028,0.3467
0.0006,0.0,0.4205,0.0,0.3868,0.6543,0.9073,0.0944,0.0,0.1641,0.8936,1.0,0.1079,0.42
0.0012,0.0,0.4205,0.0,0.3868,0.6195,0.8898,0.1145,0.0,0.1641,0.8936,0.9913,0.1311,0.3778
0.0005,0.0,0.4205,0.0,0.3868,0.4731,0.8023,0.1251,0.0,0.1641,0.8936,1.0,0.1697,0.1533
